horizon,model,MAE_model,MAE_prophet,delta_pct,ci95_low_pct,ci95_high_pct,mean_diff_rub
1,combo_gbm_fm_prophet,332.22,640.41,-48.12,-48.47,-47.78,-308.19
1,combo_gbm_fm,280.09,640.41,-56.26,-56.74,-55.79,-360.32
1,chronos2_hybrid,294.26,640.41,-54.05,-54.56,-53.55,-346.15
1,lightgbm,304.96,640.41,-52.38,-52.82,-51.94,-335.44
1,snaive_growth,341.31,640.41,-46.70,-47.45,-45.92,-299.10
3,combo_gbm_fm_prophet,457.26,718.67,-36.37,-36.81,-35.93,-261.41
3,combo_gbm_fm,401.08,718.67,-44.19,-44.82,-43.57,-317.59
3,chronos2_hybrid,424.90,718.67,-40.88,-41.60,-40.18,-293.77
3,lightgbm,530.97,718.67,-26.12,-26.58,-25.65,-187.70
3,snaive_growth,454.38,718.67,-36.78,-37.65,-35.91,-264.29
6,combo_gbm_fm_prophet,586.54,736.34,-20.34,-20.84,-19.86,-149.80
6,combo_gbm_fm,642.45,736.34,-12.75,-13.50,-11.98,-93.89
6,chronos2_hybrid,649.19,736.34,-11.84,-12.96,-10.77,-87.15
6,lightgbm,780.76,736.34,6.03,5.26,6.84,44.42
6,snaive_growth,655.21,736.34,-11.02,-12.07,-10.06,-81.13
12,combo_gbm_fm_prophet,825.21,1093.92,-24.56,-26.03,-23.09,-268.71
12,combo_gbm_fm,1461.34,1093.92,33.59,30.75,36.06,367.42
12,chronos2_hybrid,1461.34,1093.92,33.59,31.03,36.12,367.42
12,snaive_growth,1288.58,1093.92,17.79,15.28,20.26,194.66
