method,series,cp_month,shift_log,territory_id,category,name,region_name,abs_shift
PELT,5442,2024-06,-0.2389,1305,Все категории,городской округ город Волгореченск,Костромская область,0.2389
PELT,9912,2023-06,0.2339,2244,Все категории,муниципальный округ Красноселькупский район,Ямало-Ненецкий автономный округ,0.2339
PELT,2538,2024-01,-0.2160,618,Все категории,Карагинский муниципальный район,Камчатский край,0.2160
PELT,4752,2023-07,-0.2130,1178,Все категории,городской округ Мамоновский,Калининградская область,0.2130
PELT,1140,2024-06,0.2034,332,Все категории,Оймяконский муниципальный район,Республика Саха (Якутия),0.2034
PELT,10362,2024-09,0.2023,2334,Все категории,Рыбинский муниципальный район,Ярославская область,0.2023
PELT,11820,2023-05,-0.2005,2593,Все категории,внутригородская территория города федерального значения поселение Киевский,Москва,0.2005
PELT,2544,2023-05,0.1977,619,Все категории,Олюторский муниципальный район,Камчатский край,0.1977
PELT,2538,2023-06,0.1902,618,Все категории,Карагинский муниципальный район,Камчатский край,0.1902
PELT,8460,2023-04,0.1869,1970,Все категории,городской округ Южно-Курильский,Сахалинская область,0.1869
PELT,4758,2024-08,0.1817,1179,Все категории,городской округ Пионерский,Калининградская область,0.1817
PELT,660,2024-09,-0.1777,218,Все категории,Прионежский муниципальный район,Республика Карелия,0.1777
PELT,9912,2023-10,-0.1766,2244,Все категории,муниципальный округ Красноселькупский район,Ямало-Ненецкий автономный округ,0.1766
PELT,8376,2024-05,-0.1757,1955,Все категории,городской округ Анивский,Сахалинская область,0.1757
PELT,2526,2024-09,0.1746,615,Все категории,Усть-Большерецкий муниципальный район,Камчатский край,0.1746
PELT,10434,2023-04,0.1709,2348,Все категории,Анадырский муниципальный район,Чукотский автономный округ,0.1709
PELT,3684,2024-05,-0.1691,891,Все категории,городской округ город Коряжма,Архангельская область,0.1691
PELT,3198,2023-04,-0.1680,795,Все категории,Октябрьский муниципальный округ,Приморский край,0.1680
PELT,1140,2023-06,0.1669,332,Все категории,Оймяконский муниципальный район,Республика Саха (Якутия),0.1669
PELT,72,2024-01,-0.1643,13,Все категории,Онгудайский муниципальный район,Республика Алтай,0.1643
PELT,1488,2023-06,-0.1599,395,Все категории,Тюлячинский муниципальный район,Республика Татарстан,0.1599
PELT,2538,2024-06,0.1584,618,Все категории,Карагинский муниципальный район,Камчатский край,0.1584
PELT,4650,2024-10,-0.1574,1159,Все категории,Ольхонский муниципальный район,Иркутская область,0.1574
PELT,4758,2024-03,-0.1553,1179,Все категории,городской округ Пионерский,Калининградская область,0.1553
PELT,660,2023-04,0.1549,218,Все категории,Прионежский муниципальный район,Республика Карелия,0.1549
