signal,method,param,recall,mean_delay_months,false_alarm_rate_controls,precision,F1,recall_10pct,recall_20pct,recall_30pct
rel,PELT,8.000,0.738,1.341,0.284,0.541,0.624,0.506,0.812,0.880
rel,BinSeg,8.000,0.730,1.334,0.280,0.545,0.624,0.500,0.792,0.880
rel,CUSUM,8.000,0.704,1.034,0.370,0.537,0.609,0.457,0.760,0.875
rel,BinSeg,5.000,0.788,1.284,0.386,0.493,0.607,0.562,0.864,0.924
rel,PELT,5.000,0.792,1.295,0.396,0.489,0.605,0.562,0.870,0.929
rel,CUSUM,6.000,0.766,0.804,0.484,0.498,0.604,0.549,0.805,0.924
rel,CUSUM,4.000,0.854,0.618,0.648,0.458,0.596,0.698,0.896,0.957
rel,CUSUM,3.000,0.882,0.490,0.732,0.437,0.584,0.747,0.922,0.967
rel,BinSeg,3.000,0.846,1.286,0.550,0.444,0.582,0.654,0.916,0.957
rel,PELT,3.000,0.848,1.271,0.564,0.436,0.576,0.648,0.935,0.951
rel,PELT,2.000,0.888,1.241,0.658,0.415,0.565,0.735,0.948,0.973
rel,BinSeg,2.000,0.882,1.263,0.670,0.414,0.563,0.728,0.942,0.967
rel_yoy,BinSeg,8.000,0.624,1.532,0.338,0.507,0.560,0.383,0.688,0.783
rel_yoy,PELT,8.000,0.624,1.522,0.338,0.507,0.560,0.383,0.688,0.783
rel_yoy,PELT,3.000,0.798,1.451,0.626,0.423,0.553,0.599,0.831,0.946
rel_yoy,BinSeg,3.000,0.794,1.456,0.626,0.421,0.551,0.593,0.825,0.946
rel_yoy,PELT,5.000,0.704,1.452,0.478,0.451,0.550,0.488,0.740,0.864
rel_yoy,BinSeg,5.000,0.698,1.456,0.478,0.449,0.547,0.488,0.727,0.859
rel_yoy,PELT,2.000,0.838,1.434,0.756,0.395,0.537,0.667,0.870,0.962
rel_yoy,BinSeg,2.000,0.834,1.441,0.756,0.394,0.535,0.660,0.864,0.962
rel_yoy,CUSUM,3.000,0.844,0.647,0.836,0.391,0.534,0.673,0.890,0.957
rel_yoy,CUSUM,4.000,0.784,0.758,0.774,0.391,0.522,0.586,0.805,0.940
rel_yoy,CUSUM,6.000,0.688,1.064,0.646,0.397,0.504,0.457,0.721,0.864
rel_yoy,CUSUM,8.000,0.584,1.219,0.570,0.381,0.461,0.352,0.636,0.745
