event_id,mo,category,shift_AprJun_vs_JanMar_pct,shift_percentile,PELT_alarm_month,PELT_cp_month,BinSeg_alarm_month,BinSeg_cp_month,CUSUM_alarm_month,CUSUM_cp_month
flood2024_orsk,городской округ город Орск,Все категории,2.55,81.10,,,,,,
flood2024_orsk,городской округ город Орск,Здоровье,3.09,53.87,2024-07,2024-05,2024-07,2024-05,2024-06,2024-05
flood2024_orsk,городской округ город Орск,Маркетплейсы,2.38,71.28,2024-04,2024-02,2024-04,2024-02,2024-04,2024-01
flood2024_orsk,городской округ город Орск,Общественное питание,2.19,67.71,2024-07,2024-05,2024-07,2024-05,2024-06,2024-05
flood2024_orsk,городской округ город Орск,Продовольствие,4.45,94.79,2024-05,2024-03,2024-05,2024-03,2024-04,2024-04
flood2024_orsk,городской округ город Орск,Транспорт,3.62,61.86,,,,,2024-09,2024-04
flood2024_gai,городской округ Гайский,Все категории,-5.51,2.53,2024-07,2024-04,2024-07,2024-04,2024-07,2024-03
flood2024_gai,городской округ Гайский,Здоровье,-1.75,27.38,,,,,,
flood2024_gai,городской округ Гайский,Маркетплейсы,-10.14,3.03,2024-12,2024-04,2024-12,2024-04,2024-11,2024-04
flood2024_gai,городской округ Гайский,Общественное питание,-10.31,12.90,2024-09,2024-04,2024-09,2024-04,2024-07,2024-04
flood2024_gai,городской округ Гайский,Продовольствие,-5.09,2.73,2024-05,2024-03,2024-05,2024-03,2024-05,2024-02
flood2024_gai,городской округ Гайский,Транспорт,2.08,51.54,,,,,,
flood2024_kuvandyk,городской округ Кувандыкский,Все категории,-1.54,26.29,,,,,,
flood2024_kuvandyk,городской округ Кувандыкский,Здоровье,-5.29,14.19,,,,,2024-09,2024-01
flood2024_kuvandyk,городской округ Кувандыкский,Маркетплейсы,-8.99,4.61,,,,,2024-10,2024-04
flood2024_kuvandyk,городской округ Кувандыкский,Общественное питание,2.83,69.49,,,,,2024-08,2024-02
flood2024_kuvandyk,городской округ Кувандыкский,Продовольствие,2.08,84.13,,,,,,
flood2024_kuvandyk,городской округ Кувандыкский,Транспорт,-2.13,29.22,,,,,2024-10,2024-02
flood2024_orenburg,городской округ город Оренбург,Все категории,-0.20,49.40,,,,,,
flood2024_orenburg,городской округ город Оренбург,Здоровье,3.69,57.89,2024-07,2024-05,2024-07,2024-05,2024-08,2024-06
flood2024_orenburg,городской округ город Оренбург,Маркетплейсы,-3.49,28.52,,,,,2024-04,2024-01
flood2024_orenburg,городской округ город Оренбург,Общественное питание,0.79,63.64,,,,,,
flood2024_orenburg,городской округ город Оренбург,Продовольствие,-0.11,57.39,,,,,,
flood2024_orenburg,городской округ город Оренбург,Транспорт,0.77,43.20,,,,,,
flood2024_zverinogolovsky,Звериноголовский муниципальный округ,Все категории,-9.99,0.45,2024-06,2024-04,2024-06,2024-04,2024-07,2024-04
flood2024_zverinogolovsky,Звериноголовский муниципальный округ,Здоровье,-28.94,0.20,2024-06,2024-04,2024-06,2024-04,2024-06,2024-04
flood2024_zverinogolovsky,Звериноголовский муниципальный округ,Маркетплейсы,-26.67,0.15,2024-06,2024-04,,,2024-05,2024-03
flood2024_zverinogolovsky,Звериноголовский муниципальный округ,Общественное питание,114.13,99.85,2024-05,2024-03,2024-05,2024-03,2024-05,2024-03
flood2024_zverinogolovsky,Звериноголовский муниципальный округ,Продовольствие,-12.44,0.30,2024-05,2024-03,2024-05,2024-03,2024-04,2024-01
flood2024_zverinogolovsky,Звериноголовский муниципальный округ,Транспорт,-15.64,2.93,2024-05,2024-03,2024-05,2024-03,2024-05,2024-03
