model,horizon,n,MAE,R2,R2_change,WAPE_%,category
combo_gbm_fm,1,11736,755.8688,0.9923,0.8355,2.3483,Все категории
chronos2_hybrid,1,11736,782.0498,0.9914,0.8310,2.4296,Все категории
lightgbm,1,11736,837.8571,0.9911,0.8067,2.6030,Все категории
snaive_growth,1,11736,883.5586,0.9902,0.7397,2.7450,Все категории
combo_gbm_fm_prophet,1,11736,938.0309,0.9880,0.7632,2.9142,Все категории
combo_naive_prophet,1,11736,1782.0373,0.9494,0.0630,5.5363,Все категории
prophet,1,11736,1855.1477,0.9512,0.1225,5.7634,Все категории
naive,1,11736,2015.6203,0.9386,-0.1479,6.2620,Все категории
chronos_bolt,1,11736,2271.8196,0.9291,-0.3161,7.0579,Все категории
seasonal_naive,1,11736,4284.1895,0.8433,-1.7613,13.3098,Все категории
combo_gbm_fm,3,11736,972.3997,0.9838,0.8225,3.0210,Все категории
chronos2_hybrid,3,11736,1090.2472,0.9816,0.7995,3.3871,Все категории
snaive_growth,3,11736,1120.6710,0.9843,0.7745,3.4816,Все категории
combo_gbm_fm_prophet,3,11736,1194.0150,0.9785,0.7641,3.7095,Все категории
lightgbm,3,11736,1312.4151,0.9752,0.7353,4.0773,Все категории
prophet,3,11736,2021.6712,0.9468,0.3749,6.2808,Все категории
combo_naive_prophet,3,11736,2171.9000,0.9291,0.1631,6.7475,Все категории
naive,3,11736,2468.8422,0.8988,-0.1754,7.6700,Все категории
chronos_bolt,3,11736,3063.9149,0.8700,-0.5475,9.5187,Все категории
seasonal_naive,3,11736,4284.1895,0.8433,-0.7387,13.3098,Все категории
combo_gbm_fm_prophet,6,11736,1706.7865,0.9621,0.5026,5.3025,Все категории
snaive_growth,6,11736,1752.4716,0.9647,0.4785,5.4445,Все категории
combo_gbm_fm,6,11736,1790.0263,0.9541,0.4091,5.5611,Все категории
chronos2_hybrid,6,11736,1925.7441,0.9499,0.4431,5.9828,Все категории
prophet,6,11736,2171.4621,0.9419,0.3160,6.7461,Все категории
lightgbm,6,11736,2297.0053,0.9335,0.1488,7.1362,Все категории
combo_naive_prophet,6,11736,2603.2209,0.9142,-0.0426,8.0875,Все категории
naive,6,11736,3533.2665,0.8442,-0.8137,10.9769,Все категории
seasonal_naive,6,11736,4284.1895,0.8433,-0.6736,13.3098,Все категории
chronos_bolt,6,11736,5246.1454,0.7188,-1.8046,16.2983,Все категории
combo_naive_prophet,12,11736,2376.3661,0.9384,-3.8677,7.3827,Все категории
combo_gbm_fm_prophet,12,11736,2485.2836,0.9365,-3.6589,7.7211,Все категории
prophet,12,11736,3220.4872,0.8540,-6.7224,10.0052,Все категории
naive,12,11736,4284.1895,0.8433,-8.2548,13.3098,Все категории
seasonal_naive,12,11736,4284.1895,0.8433,-8.2548,13.3098,Все категории
snaive_growth,12,11736,4284.1895,0.8433,-8.2548,13.3098,Все категории
chronos2_hybrid,12,11736,4911.1352,0.7720,-10.2812,15.2576,Все категории
combo_gbm_fm,12,11736,4911.1352,0.7720,-10.2812,15.2576,Все категории
chronos_bolt,12,11736,6483.7342,0.5994,-18.5229,20.1432,Все категории
combo_gbm_fm_prophet,1,11736,82.4382,0.9753,0.1707,5.4817,Здоровье
combo_naive_prophet,1,11736,87.4440,0.9700,0.0461,5.8146,Здоровье
combo_gbm_fm,1,11736,93.8263,0.9717,0.0542,6.2390,Здоровье
chronos2_hybrid,1,11736,94.5266,0.9705,0.0414,6.2856,Здоровье
naive,1,11736,95.2687,0.9659,-0.1344,6.3349,Здоровье
lightgbm,1,11736,95.4912,0.9702,0.0051,6.3497,Здоровье
chronos_bolt,1,11736,99.5682,0.9638,-0.0754,6.6208,Здоровье
prophet,1,11736,108.6259,0.9576,-0.2377,7.2231,Здоровье
snaive_growth,1,11736,112.0731,0.9574,-0.6873,7.4523,Здоровье
seasonal_naive,1,11736,180.5318,0.9027,-1.5185,12.0045,Здоровье
chronos2_hybrid,3,11736,96.1635,0.9604,0.4141,6.3944,Здоровье
combo_gbm_fm,3,11736,107.3369,0.9540,0.4090,7.1374,Здоровье
combo_gbm_fm_prophet,3,11736,107.9895,0.9538,0.4302,7.1808,Здоровье
snaive_growth,3,11736,113.0141,0.9527,0.1658,7.5149,Здоровье
prophet,3,11736,137.5834,0.9357,0.2067,9.1486,Здоровье
lightgbm,3,11736,142.0347,0.9218,0.1917,9.4446,Здоровье
combo_naive_prophet,3,11736,144.9443,0.9283,0.1122,9.6381,Здоровье
chronos_bolt,3,11736,162.3641,0.9029,0.0044,10.7964,Здоровье
naive,3,11736,168.6582,0.9011,-0.1979,11.2150,Здоровье
seasonal_naive,3,11736,180.5318,0.9027,-0.1058,12.0045,Здоровье
combo_gbm_fm_prophet,6,11736,92.1691,0.9608,0.5048,6.1288,Здоровье
combo_gbm_fm,6,11736,98.3696,0.9520,0.4489,6.5411,Здоровье
prophet,6,11736,121.2648,0.9472,0.2967,8.0635,Здоровье
lightgbm,6,11736,123.0439,0.9406,0.3707,8.1818,Здоровье
combo_naive_prophet,6,11736,125.2410,0.9429,0.2714,8.3279,Здоровье
snaive_growth,6,11736,137.6548,0.9298,-0.0441,9.1534,Здоровье
chronos2_hybrid,6,11736,150.9264,0.8976,0.1107,10.0359,Здоровье
naive,6,11736,158.3325,0.9081,-0.0768,10.5284,Здоровье
chronos_bolt,6,11736,164.1123,0.8862,0.0349,10.9127,Здоровье
seasonal_naive,6,11736,180.5318,0.9027,0.0577,12.0045,Здоровье
naive,12,11736,180.5318,0.9027,-0.8725,12.0045,Здоровье
seasonal_naive,12,11736,180.5318,0.9027,-0.8725,12.0045,Здоровье
snaive_growth,12,11736,180.5318,0.9027,-0.8725,12.0045,Здоровье
chronos_bolt,12,11736,212.1426,0.8408,-0.9538,14.1065,Здоровье
chronos2_hybrid,12,11736,250.2030,0.7685,-1.5249,16.6373,Здоровье
combo_gbm_fm,12,11736,250.2030,0.7685,-1.5249,16.6373,Здоровье
combo_naive_prophet,12,11736,299.0456,0.7676,-6.2732,19.8851,Здоровье
combo_gbm_fm_prophet,12,11736,324.6128,0.7411,-6.0812,21.5852,Здоровье
prophet,12,11736,444.0834,0.4371,-18.0449,29.5294,Здоровье
lightgbm,1,11736,333.3466,0.9354,0.2227,6.2288,Маркетплейсы
combo_gbm_fm,1,11736,335.5359,0.9365,0.2511,6.2697,Маркетплейсы
combo_gbm_fm_prophet,1,11736,355.0687,0.9216,0.1498,6.6347,Маркетплейсы
chronos2_hybrid,1,11736,366.0393,0.9241,0.1520,6.8397,Маркетплейсы
snaive_growth,1,11736,471.8068,0.8658,-0.7331,8.8161,Маркетплейсы
combo_naive_prophet,1,11736,499.3701,0.8464,-0.5120,9.3311,Маркетплейсы
naive,1,11736,521.0657,0.8476,-0.6550,9.7365,Маркетплейсы
prophet,1,11736,542.2185,0.8138,-0.7333,10.1318,Маркетплейсы
chronos_bolt,1,11736,724.1528,0.7412,-1.8560,13.5313,Маркетплейсы
seasonal_naive,1,11736,1720.3517,-0.0882,-12.6452,32.1461,Маркетплейсы
combo_gbm_fm_prophet,3,11736,472.1368,0.8758,0.3589,8.8222,Маркетплейсы
combo_gbm_fm,3,11736,484.7460,0.8722,0.3563,9.0578,Маркетплейсы
lightgbm,3,11736,545.3262,0.8250,0.1316,10.1898,Маркетплейсы
chronos2_hybrid,3,11736,578.2789,0.8118,0.1643,10.8056,Маркетплейсы
prophet,3,11736,622.9234,0.7607,-0.1190,11.6398,Маркетплейсы
combo_naive_prophet,3,11736,670.7865,0.6990,-0.4426,12.5341,Маркетплейсы
snaive_growth,3,11736,698.4625,0.6795,-0.7642,13.0513,Маркетплейсы
naive,3,11736,876.2184,0.5467,-1.1762,16.3728,Маркетплейсы
chronos_bolt,3,11736,1405.1032,0.1165,-3.3051,26.2554,Маркетплейсы
seasonal_naive,3,11736,1720.3517,-0.0882,-4.9300,32.1461,Маркетплейсы
combo_gbm_fm_prophet,6,11736,578.3756,0.8141,0.3139,10.8074,Маркетплейсы
prophet,6,11736,712.9049,0.7111,-0.0608,13.3212,Маркетплейсы
combo_gbm_fm,6,11736,754.1891,0.6807,0.0347,14.0926,Маркетплейсы
lightgbm,6,11736,764.3424,0.6768,0.0202,14.2823,Маркетплейсы
chronos2_hybrid,6,11736,774.3168,0.6449,-0.0611,14.4687,Маркетплейсы
combo_naive_prophet,6,11736,781.1346,0.6269,-0.4749,14.5961,Маркетплейсы
snaive_growth,6,11736,933.1590,0.4455,-1.1265,17.4368,Маркетплейсы
naive,6,11736,1257.9392,0.2346,-1.8456,23.5055,Маркетплейсы
seasonal_naive,6,11736,1720.3517,-0.0882,-3.3085,32.1461,Маркетплейсы
chronos_bolt,6,11736,2161.9383,-0.9396,-5.4173,40.3974,Маркетплейсы
prophet,12,11736,721.0606,0.7103,-0.6469,13.4736,Маркетплейсы
combo_naive_prophet,12,11736,1103.4674,0.4862,-0.9568,20.6191,Маркетплейсы
combo_gbm_fm_prophet,12,11736,1123.0224,0.4780,-0.9438,20.9845,Маркетплейсы
naive,12,11736,1720.3517,-0.0882,-1.6346,32.1461,Маркетплейсы
seasonal_naive,12,11736,1720.3517,-0.0882,-1.6346,32.1461,Маркетплейсы
snaive_growth,12,11736,1720.3517,-0.0882,-1.6346,32.1461,Маркетплейсы
chronos2_hybrid,12,11736,1772.6325,-0.1557,-1.6687,33.1230,Маркетплейсы
combo_gbm_fm,12,11736,1772.6325,-0.1557,-1.6687,33.1230,Маркетплейсы
chronos_bolt,12,11736,2641.3809,-1.6798,-3.1002,49.3562,Маркетплейсы
combo_gbm_fm,1,11736,70.8430,0.9930,0.2948,5.3021,Общественное питание
combo_gbm_fm_prophet,1,11736,73.6657,0.9933,0.1241,5.5134,Общественное питание
lightgbm,1,11736,75.0589,0.9926,0.2205,5.6177,Общественное питание
snaive_growth,1,11736,82.0026,0.9926,-0.4291,6.1374,Общественное питание
chronos2_hybrid,1,11736,87.4458,0.9889,0.2811,6.5448,Общественное питание
naive,1,11736,96.7719,0.9880,-0.0028,7.2428,Общественное питание
chronos_bolt,1,11736,99.6351,0.9880,-0.0042,7.4570,Общественное питание
combo_naive_prophet,1,11736,114.2592,0.9854,-0.2118,8.5516,Общественное питание
prophet,1,11736,160.5374,0.9728,-1.0991,12.0152,Общественное питание
seasonal_naive,1,11736,244.2848,0.9356,-1.3929,18.2831,Общественное питание
combo_gbm_fm_prophet,3,11736,109.4850,0.9827,0.2917,8.1942,Общественное питание
snaive_growth,3,11736,115.9808,0.9693,0.2033,8.6804,Общественное питание
combo_gbm_fm,3,11736,116.3329,0.9809,0.4067,8.7068,Общественное питание
lightgbm,3,11736,132.9991,0.9754,0.2360,9.9541,Общественное питание
chronos2_hybrid,3,11736,159.9911,0.9606,0.4561,11.9743,Общественное питание
chronos_bolt,3,11736,188.4354,0.9554,0.0665,14.1032,Общественное питание
combo_naive_prophet,3,11736,195.6677,0.9569,-0.0294,14.6445,Общественное питание
prophet,3,11736,201.1751,0.9564,-0.2041,15.0567,Общественное питание
naive,3,11736,205.2428,0.9507,-0.0179,15.3611,Общественное питание
seasonal_naive,3,11736,244.2848,0.9356,0.3410,18.2831,Общественное питание
snaive_growth,6,11736,176.0403,0.8869,-0.5772,13.1755,Общественное питание
combo_gbm_fm_prophet,6,11736,187.8978,0.9565,-0.1401,14.0629,Общественное питание
combo_gbm_fm,6,11736,193.1289,0.9521,-0.0400,14.4545,Общественное питание
lightgbm,6,11736,199.0085,0.9485,-0.1662,14.8945,Общественное питание
chronos2_hybrid,6,11736,205.6026,0.9467,0.0392,15.3880,Общественное питание
prophet,6,11736,208.6305,0.9531,-0.6090,15.6146,Общественное питание
combo_naive_prophet,6,11736,215.9732,0.9439,-0.3419,16.1642,Общественное питание
naive,6,11736,236.1541,0.9252,-0.2718,17.6746,Общественное питание
seasonal_naive,6,11736,244.2848,0.9356,0.4014,18.2831,Общественное питание
chronos_bolt,6,11736,292.7796,0.8938,-0.1406,21.9127,Общественное питание
combo_gbm_fm_prophet,12,11736,158.7085,0.9681,-1.3520,11.8783,Общественное питание
combo_naive_prophet,12,11736,161.4026,0.9649,-1.6229,12.0799,Общественное питание
naive,12,11736,244.2848,0.9356,-0.6309,18.2831,Общественное питание
seasonal_naive,12,11736,244.2848,0.9356,-0.6309,18.2831,Общественное питание
snaive_growth,12,11736,244.2848,0.9356,-0.6309,18.2831,Общественное питание
prophet,12,11736,335.8805,0.8411,-4.9794,25.1385,Общественное питание
chronos2_hybrid,12,11736,347.5213,0.8552,-0.8427,26.0097,Общественное питание
combo_gbm_fm,12,11736,347.5213,0.8552,-0.8427,26.0097,Общественное питание
chronos_bolt,12,11736,350.8205,0.8578,-0.9230,26.2567,Общественное питание
combo_gbm_fm,1,11736,344.0616,0.9815,0.8673,2.6844,Продовольствие
chronos2_hybrid,1,11736,348.4638,0.9809,0.8658,2.7187,Продовольствие
snaive_growth,1,11736,394.5365,0.9736,0.8020,3.0782,Продовольствие
lightgbm,1,11736,407.1420,0.9756,0.8260,3.1765,Продовольствие
combo_gbm_fm_prophet,1,11736,461.4697,0.9677,0.7800,3.6004,Продовольствие
combo_naive_prophet,1,11736,870.1020,0.8649,0.1289,6.7886,Продовольствие
naive,1,11736,890.0221,0.8397,-0.0514,6.9440,Продовольствие
chronos_bolt,1,11736,914.2899,0.8285,-0.1150,7.1333,Продовольствие
prophet,1,11736,1024.3467,0.8559,0.0534,7.9920,Продовольствие
seasonal_naive,1,11736,1073.6103,0.8545,0.1381,8.3763,Продовольствие
chronos2_hybrid,3,11736,503.3217,0.9604,0.8440,3.9269,Продовольствие
snaive_growth,3,11736,542.6044,0.9519,0.8023,4.2334,Продовольствие
combo_gbm_fm,3,11736,607.7599,0.9451,0.7808,4.7418,Продовольствие
combo_gbm_fm_prophet,3,11736,733.1494,0.9259,0.7151,5.7201,Продовольствие
lightgbm,3,11736,903.8852,0.8748,0.5210,7.0521,Продовольствие
seasonal_naive,3,11736,1073.6103,0.8545,0.5015,8.3763,Продовольствие
chronos_bolt,3,11736,1124.2441,0.7438,-0.0004,8.7714,Продовольствие
prophet,3,11736,1140.2144,0.8329,0.3803,8.8960,Продовольствие
combo_naive_prophet,3,11736,1190.4536,0.8045,0.2561,9.2880,Продовольствие
naive,3,11736,1264.0132,0.7439,-0.0030,9.8619,Продовольствие
chronos2_hybrid,6,11736,620.1133,0.9366,0.7079,4.8381,Продовольствие
snaive_growth,6,11736,739.4146,0.9160,0.6270,5.7689,Продовольствие
combo_gbm_fm_prophet,6,11736,760.1164,0.9171,0.6258,5.9305,Продовольствие
combo_gbm_fm,6,11736,818.1662,0.9048,0.5628,6.3834,Продовольствие
prophet,6,11736,990.6399,0.8655,0.4714,7.7290,Продовольствие
seasonal_naive,6,11736,1073.6103,0.8545,0.4152,8.3763,Продовольствие
lightgbm,6,11736,1105.5835,0.8363,0.2672,8.6258,Продовольствие
combo_naive_prophet,6,11736,1106.4736,0.8368,0.3002,8.6327,Продовольствие
naive,6,11736,1294.9902,0.7542,-0.1110,10.1036,Продовольствие
chronos_bolt,6,11736,1425.2177,0.6661,-0.3053,11.1196,Продовольствие
combo_gbm_fm_prophet,12,11736,680.3761,0.9237,-0.6745,5.3083,Продовольствие
combo_naive_prophet,12,11736,697.1402,0.9194,-0.8254,5.4391,Продовольствие
naive,12,11736,1073.6103,0.8545,-2.2813,8.3763,Продовольствие
seasonal_naive,12,11736,1073.6103,0.8545,-2.2813,8.3763,Продовольствие
snaive_growth,12,11736,1073.6103,0.8545,-2.2813,8.3763,Продовольствие
chronos2_hybrid,12,11736,1153.3080,0.8275,-2.7045,8.9981,Продовольствие
combo_gbm_fm,12,11736,1153.3080,0.8275,-2.7045,8.9981,Продовольствие
prophet,12,11736,1400.0139,0.6925,-6.0924,10.9230,Продовольствие
chronos_bolt,12,11736,1879.5650,0.5159,-8.0896,14.6644,Продовольствие
combo_gbm_fm,1,11736,80.3775,0.9883,0.4384,4.2191,Транспорт
lightgbm,1,11736,80.8935,0.9881,0.4212,4.2462,Транспорт
combo_gbm_fm_prophet,1,11736,82.6365,0.9874,0.3826,4.3377,Транспорт
chronos2_hybrid,1,11736,87.0355,0.9864,0.3969,4.5686,Транспорт
snaive_growth,1,11736,103.8618,0.9798,-0.0865,5.4518,Транспорт
combo_naive_prophet,1,11736,123.6978,0.9745,-0.0157,6.4931,Транспорт
naive,1,11736,126.3301,0.9736,-0.0118,6.6312,Транспорт
chronos_bolt,1,11736,130.8162,0.9712,-0.0234,6.8667,Транспорт
prophet,1,11736,151.5575,0.9624,-0.5182,7.9554,Транспорт
seasonal_naive,1,11736,228.5072,0.9178,-1.1134,11.9946,Транспорт
combo_gbm_fm,3,11736,117.9271,0.9740,0.4957,6.1901,Транспорт
chronos2_hybrid,3,11736,121.4019,0.9720,0.4922,6.3725,Транспорт
combo_gbm_fm_prophet,3,11736,126.7851,0.9704,0.4011,6.6551,Транспорт
snaive_growth,3,11736,135.5408,0.9659,0.2926,7.1147,Транспорт
lightgbm,3,11736,149.1574,0.9591,0.3124,7.8295,Транспорт
combo_naive_prophet,3,11736,182.0393,0.9434,-0.0060,9.5555,Транспорт
prophet,3,11736,188.4720,0.9416,-0.1898,9.8931,Транспорт
naive,3,11736,198.6372,0.9331,-0.0576,10.4267,Транспорт
chronos_bolt,3,11736,203.2549,0.9275,-0.0595,10.6691,Транспорт
seasonal_naive,3,11736,228.5072,0.9178,0.0682,11.9946,Транспорт
snaive_growth,6,11736,192.5393,0.9310,-0.5470,10.1066,Транспорт
combo_gbm_fm_prophet,6,11736,193.8869,0.9363,-0.1218,10.1774,Транспорт
lightgbm,6,11736,195.5771,0.9355,-0.1247,10.2661,Транспорт
combo_gbm_fm,6,11736,200.8067,0.9279,-0.0701,10.5406,Транспорт
prophet,6,11736,213.1346,0.9273,-0.6795,11.1877,Транспорт
chronos2_hybrid,6,11736,218.4154,0.9114,-0.1302,11.4649,Транспорт
combo_naive_prophet,6,11736,228.0436,0.9152,-0.5046,11.9703,Транспорт
seasonal_naive,6,11736,228.5072,0.9178,0.1579,11.9946,Транспорт
naive,6,11736,267.7077,0.8731,-0.6765,14.0523,Транспорт
chronos_bolt,6,11736,335.5619,0.8124,-0.7923,17.6141,Транспорт
combo_gbm_fm_prophet,12,11736,179.2649,0.9402,-1.2450,9.4098,Транспорт
combo_naive_prophet,12,11736,210.9121,0.9236,-1.8055,11.0710,Транспорт
naive,12,11736,228.5072,0.9178,-0.7492,11.9946,Транспорт
seasonal_naive,12,11736,228.5072,0.9178,-0.7492,11.9946,Транспорт
snaive_growth,12,11736,228.5072,0.9178,-0.7492,11.9946,Транспорт
chronos2_hybrid,12,11736,333.2262,0.7988,-1.7136,17.4915,Транспорт
combo_gbm_fm,12,11736,333.2262,0.7988,-1.7136,17.4915,Транспорт
chronos_bolt,12,11736,355.4072,0.7869,-2.0010,18.6558,Транспорт
prophet,12,11736,441.9848,0.6763,-6.8303,23.2003,Транспорт
