model,horizon,n,MAE,R2,R2_change,WAPE_%
combo_gbm_fm,1,70416,280.0855,0.9983,0.4458,3.0498
chronos2_hybrid,1,70416,294.2601,0.9981,0.4202,3.2042
lightgbm,1,70416,304.9649,0.9980,0.4011,3.3207
combo_gbm_fm_prophet,1,70416,332.2183,0.9974,0.3633,3.6175
snaive_growth,1,70416,341.3066,0.9976,-0.1038,3.7164
combo_naive_prophet,1,70416,579.4851,0.9897,-0.0538,6.3099
naive,1,70416,624.1798,0.9876,-0.0669,6.7966
prophet,1,70416,640.4056,0.9897,-0.4823,6.9733
chronos_bolt,1,70416,706.7136,0.9856,-0.2527,7.6953
seasonal_naive,1,70416,1288.5792,0.9691,-2.6280,14.0312
combo_gbm_fm,3,70416,401.0837,0.9962,0.5047,4.3673
chronos2_hybrid,3,70416,424.9007,0.9958,0.5079,4.6267
snaive_growth,3,70416,454.3789,0.9957,0.2224,4.9477
combo_gbm_fm_prophet,3,70416,457.2601,0.9952,0.4351,4.9790
lightgbm,3,70416,530.9696,0.9938,0.3340,5.7817
prophet,3,70416,718.6732,0.9884,0.0158,7.8255
combo_naive_prophet,3,70416,759.2986,0.9851,0.0496,8.2679
naive,3,70416,863.6020,0.9789,-0.1053,9.4037
chronos_bolt,3,70416,1024.5528,0.9728,-0.3311,11.1562
seasonal_naive,3,70416,1288.5792,0.9691,-0.3756,14.0312
combo_gbm_fm_prophet,6,70416,586.5387,0.9921,0.1678,6.3867
combo_gbm_fm,6,70416,642.4478,0.9902,0.1815,6.9955
chronos2_hybrid,6,70416,649.1864,0.9897,0.1945,7.0689
snaive_growth,6,70416,655.2133,0.9911,-0.3080,7.1345
prophet,6,70416,736.3395,0.9879,-0.1928,8.0179
lightgbm,6,70416,780.7601,0.9861,0.0852,8.5016
combo_naive_prophet,6,70416,843.3478,0.9828,-0.1087,9.1831
naive,6,70416,1124.7317,0.9691,-0.3145,12.2471
seasonal_naive,6,70416,1288.5792,0.9691,-0.0469,14.0312
chronos_bolt,6,70416,1604.2925,0.9437,-0.7325,17.4689
combo_naive_prophet,12,70416,808.0557,0.9871,-0.6346,8.7988
combo_gbm_fm_prophet,12,70416,825.2114,0.9868,-0.5521,8.9856
prophet,12,70416,1093.9184,0.9708,-1.7266,11.9115
naive,12,70416,1288.5792,0.9691,-0.5488,14.0312
seasonal_naive,12,70416,1288.5792,0.9691,-0.5488,14.0312
snaive_growth,12,70416,1288.5792,0.9691,-0.5488,14.0312
chronos2_hybrid,12,70416,1461.3377,0.9567,-0.6692,15.9123
combo_gbm_fm,12,70416,1461.3377,0.9567,-0.6692,15.9123
chronos_bolt,12,70416,1987.1751,0.9201,-1.3300,21.6381
